ts,source_ident,title,filename,status_code
1764361884,123,visit-123,1764361884_123_visit-123.json,200
1764591817,123,visit-123,1764591817_123_visit-123.json,200
1764592573,123,visit-123,1764592573_123_visit-123.json,200
1764593407,unknown,visit-unknown,1764593407_unknown_visit-unknown.json,200
1764593407,unknown,visit-unknown,1764593407_unknown_visit-unknown.json,200
1764593407,unknown,visit-unknown,1764593407_unknown_visit-unknown.json,200
1764595635,unknown,visit-unknown,1764595635_unknown_visit-unknown.json,200
1764595635,unknown,visit-unknown,1764595635_unknown_visit-unknown.json,200
1764595635,unknown,visit-unknown,1764595635_unknown_visit-unknown.json,200
1764595635,unknown,visit-unknown,1764595635_unknown_visit-unknown.json,200
1764595635,unknown,visit-unknown,1764595635_unknown_visit-unknown.json,200
1764596299,457,visit-457,1764596299_457_visit-457.json,200
1764596299,1971,visit-1971,1764596299_1971_visit-1971.json,200
1764596299,3429,visit-3429,1764596299_3429_visit-3429.json,200
1764601887,16946,visit-16946,1764601887_16946_visit-16946.json,200
1764601887,27870,visit-27870,1764601887_27870_visit-27870.json,200
1764601887,27922,visit-27922,1764601887_27922_visit-27922.json,200
1764601887,32248,visit-32248,1764601887_32248_visit-32248.json,200
1764601887,32308,visit-32308,1764601887_32308_visit-32308.json,200
1764602141,16946,visit-16946,1764602141_16946_visit-16946.json,200
1764602141,27870,visit-27870,1764602141_27870_visit-27870.json,200
1764602141,27922,visit-27922,1764602141_27922_visit-27922.json,200
